name,slug,url
142designgroup,142designgroup,https://careers-142designgroup.icims.com
360care,360care,https://careers-360care.icims.com
48forty,48forty,https://careers-48forty.icims.com
Amer Sports,amersports,https://careers-amersports.icims.com
Asm,asm,https://careers-asm.icims.com
Avian,avian,https://careers-avian.icims.com
Bff,bff,https://careers-bff.icims.com
Blanchard,blanchard,https://careers-blanchard.icims.com
Buspatrol,buspatrol,https://careers-buspatrol.icims.com
Epos,epos,https://careers-epos.icims.com
Horizon,horizon,https://careers-horizon.icims.com
Kettler,kettler,https://careers-kettler.icims.com
Logos,logos,https://careers-logos.icims.com
Merge,merge,https://careers-merge.icims.com
Mono,mono,https://careers-mono.icims.com
Netimpactstrategies,netimpactstrategies,https://careers-netimpactstrategies.icims.com
Nipponexpress,nipponexpress,https://careers-nipponexpress.icims.com
Noblereach,noblereach,https://careers-noblereach.icims.com
Numeral,numeral,https://careers-numeral.icims.com
Nuna,nuna,https://careers-nuna.icims.com
Optimizon,optimizon,https://careers-optimizon.icims.com
Parallel,parallel,https://careers-parallel.icims.com
Parker,parker,https://careers-parker.icims.com
Reliable,reliable,https://careers-reliable.icims.com
Rivet,rivet,https://careers-rivet.icims.com
Roadrunner,roadrunner,https://careers-roadrunner.icims.com
Sunrise,sunrise,https://careers-sunrise.icims.com
Thekey,thekey,https://careers-thekey.icims.com
Vulcan,vulcan,https://careers-vulcan.icims.com
aaalife,aaalife,https://careers-aaalife.icims.com
abacustech,abacustech,https://careers-abacustech.icims.com
accoy,accoy,https://careers-accoy.icims.com
actalentservices,actalentservices,https://careers-actalentservices.icims.com
actslife,actslife,https://careers-actslife.icims.com
adastragrp,adastragrp,https://careers-adastragrp.icims.com
adl,adl,https://careers-adl.icims.com
aegeus,aegeus,https://careers-aegeus.icims.com
aei,aei,https://careers-aei.icims.com
aeieng,aeieng,https://careers-aeieng.icims.com
afcu,afcu,https://careers-afcu.icims.com
ahmchealth,ahmchealth,https://careers-ahmchealth.icims.com
ahnneighborhood,ahnneighborhood,https://careers-ahnneighborhood.icims.com
aireon,aireon,https://careers-aireon.icims.com
airmethods,airmethods,https://careers-airmethods.icims.com
aitworldwide,aitworldwide,https://careers-aitworldwide.icims.com
alaskaair,alaskaair,https://careers-alaskaair.icims.com
alcami,alcami,https://careers-alcami.icims.com
allison,allison,https://careers-allison.icims.com
allnativegroup,allnativegroup,https://careers-allnativegroup.icims.com
allspringglobal,allspringglobal,https://careers-allspringglobal.icims.com
altapointe,altapointe,https://careers-altapointe.icims.com
aluminumdynamics,aluminumdynamics,https://careers-aluminumdynamics.icims.com
alumus,alumus,https://careers-alumus.icims.com
americanaddictioncenters,americanaddictioncenters,https://careers-americanaddictioncenters.icims.com
americancareercollege,americancareercollege,https://careers-americancareercollege.icims.com
americanfoodsgroup,americanfoodsgroup,https://careers-americanfoodsgroup.icims.com
americansystems,americansystems,https://careers-americansystems.icims.com
ameritfleet,ameritfleet,https://careers-ameritfleet.icims.com
ampact,ampact,https://careers-ampact.icims.com
amtrustgroup,amtrustgroup,https://careers-amtrustgroup.icims.com
amyx,amyx,https://careers-amyx.icims.com
anviatx,anviatx,https://careers-anviatx.icims.com
apac-berkley,apac-berkley,https://careers-apac-berkley.icims.com
apexservicepartners,apexservicepartners,https://careers-apexservicepartners.icims.com
apogeeusa,apogeeusa,https://careers-apogeeusa.icims.com
apolloretail,apolloretail,https://careers-apolloretail.icims.com
appliedsystems,appliedsystems,https://careers-appliedsystems.icims.com
aptiveresources,aptiveresources,https://careers-aptiveresources.icims.com
arccorp,arccorp,https://careers-arccorp.icims.com
arcwoodenviro,arcwoodenviro,https://careers-arcwoodenviro.icims.com
arh,arh,https://careers-arh.icims.com
arizonacollege,arizonacollege,https://careers-arizonacollege.icims.com
ars,ars,https://careers-ars.icims.com
asc,asc,https://careers-asc.icims.com
asi,asi,https://careers-asi.icims.com
assemblydigitalcommerce,assemblydigitalcommerce,https://careers-assemblydigitalcommerce.icims.com
atcc,atcc,https://careers-atcc.icims.com
atipt,atipt,https://careers-atipt.icims.com
atlantarehab,atlantarehab,https://careers-atlantarehab.icims.com
atlasworldgroupinc,atlasworldgroupinc,https://careers-atlasworldgroupinc.icims.com
attainfinance,attainfinance,https://careers-attainfinance.icims.com
axway,axway,https://careers-axway.icims.com
bags,bags,https://careers-bags.icims.com
bancorpbank,bancorpbank,https://careers-bancorpbank.icims.com
baptisthealthal,baptisthealthal,https://careers-baptisthealthal.icims.com
baptistneighborhoodhospital,baptistneighborhoodhospital,https://careers-baptistneighborhoodhospital.icims.com
barrios,barrios,https://careers-barrios.icims.com
bartwest,bartwest,https://careers-bartwest.icims.com
bayfronthealth,bayfronthealth,https://careers-bayfronthealth.icims.com
baylorscottandwhiteeh,baylorscottandwhiteeh,https://careers-baylorscottandwhiteeh.icims.com
bcore,bcore,https://careers-bcore.icims.com
bdobelgium,bdobelgium,https://careers-bdobelgium.icims.com
bdssolutions,bdssolutions,https://careers-bdssolutions.icims.com
berkley,berkley,https://careers-berkley.icims.com
berrydunn,berrydunn,https://careers-berrydunn.icims.com
besthomeservices,besthomeservices,https://careers-besthomeservices.icims.com
betterbuzzcoffee,betterbuzzcoffee,https://careers-betterbuzzcoffee.icims.com
beyondsoft,beyondsoft,https://careers-beyondsoft.icims.com
biorad,biorad,https://careers-biorad.icims.com
blackhawknetwork,blackhawknetwork,https://careers-blackhawknetwork.icims.com
bluegracegroup,bluegracegroup,https://careers-bluegracegroup.icims.com
bluesprigpediatrics,bluesprigpediatrics,https://careers-bluesprigpediatrics.icims.com
bncollege,bncollege,https://careers-bncollege.icims.com
bnh,bnh,https://careers-bnh.icims.com
bocusa,bocusa,https://careers-bocusa.icims.com
bradfordexchange,bradfordexchange,https://careers-bradfordexchange.icims.com
brandesassociates,brandesassociates,https://careers-brandesassociates.icims.com
brewers,brewers,https://careers-brewers.icims.com
bridgenext,bridgenext,https://careers-bridgenext.icims.com
brightspring,brightspring,https://careers-brightspring.icims.com
brookdalecc,brookdalecc,https://careers-brookdalecc.icims.com
brookings,brookings,https://careers-brookings.icims.com
btd,btd,https://careers-btd.icims.com
buffalojeans,buffalojeans,https://careers-buffalojeans.icims.com
buildingandearth,buildingandearth,https://careers-buildingandearth.icims.com
buzziunicemusa,buzziunicemusa,https://careers-buzziunicemusa.icims.com
bwsc,bwsc,https://careers-bwsc.icims.com
c1,c1,https://careers-c1.icims.com
cadent,cadent,https://careers-cadent.icims.com
cajunusa,cajunusa,https://careers-cajunusa.icims.com
calamp,calamp,https://careers-calamp.icims.com
califiafarms,califiafarms,https://careers-califiafarms.icims.com
campero,campero,https://careers-campero.icims.com
canada-berkley,canada-berkley,https://careers-canada-berkley.icims.com
canada-secure,canada-secure,https://careers-canada-secure.icims.com
capbluecross,capbluecross,https://careers-capbluecross.icims.com
carenethealthcare,carenethealthcare,https://careers-carenethealthcare.icims.com
carollo,carollo,https://careers-carollo.icims.com
casella,casella,https://careers-casella.icims.com
castlegroup,castlegroup,https://careers-castlegroup.icims.com
cbps,cbps,https://careers-cbps.icims.com
ccr,ccr,https://careers-ccr.icims.com
ccr-ge,ccr-ge,https://careers-ccr-ge.icims.com
cecinc,cecinc,https://careers-cecinc.icims.com
cellularsales,cellularsales,https://careers-cellularsales.icims.com
centersusa,centersusa,https://careers-centersusa.icims.com
centralhealth,centralhealth,https://careers-centralhealth.icims.com
centricbrands,centricbrands,https://careers-centricbrands.icims.com
cfasupply,cfasupply,https://careers-cfasupply.icims.com
cfins,cfins,https://careers-cfins.icims.com
cfr,cfr,https://careers-cfr.icims.com
chai,chai,https://careers-chai.icims.com
changegrowlive,changegrowlive,https://careers-changegrowlive.icims.com
channelpartners,channelpartners,https://careers-channelpartners.icims.com
chasebrass,chasebrass,https://careers-chasebrass.icims.com
chemtradelogistics,chemtradelogistics,https://careers-chemtradelogistics.icims.com
chestnut,chestnut,https://careers-chestnut.icims.com
chickfila,chickfila,https://careers-chickfila.icims.com
chirontech,chirontech,https://careers-chirontech.icims.com
chordsdp,chordsdp,https://careers-chordsdp.icims.com
chsi,chsi,https://careers-chsi.icims.com
citizensenergygroup,citizensenergygroup,https://careers-citizensenergygroup.icims.com
citynational,citynational,https://careers-citynational.icims.com
cobank,cobank,https://careers-cobank.icims.com
codev,codev,https://careers-codev.icims.com
collaborationbetterstheworld,collaborationbetterstheworld,https://careers-collaborationbetterstheworld.icims.com
collaborationbetterstheworldvi,collaborationbetterstheworldvi,https://careers-collaborationbetterstheworldvi.icims.com
colliersprojects,colliersprojects,https://careers-colliersprojects.icims.com
comcastspectacor,comcastspectacor,https://careers-comcastspectacor.icims.com
commtrans,commtrans,https://careers-commtrans.icims.com
communitymedical,communitymedical,https://careers-communitymedical.icims.com
compsych,compsych,https://careers-compsych.icims.com
concord,concord,https://careers-concord.icims.com
concorde,concorde,https://careers-concorde.icims.com
connection,connection,https://careers-connection.icims.com
connectionshs,connectionshs,https://careers-connectionshs.icims.com
consoreng,consoreng,https://careers-consoreng.icims.com
containerstore,containerstore,https://careers-containerstore.icims.com
cooltoday,cooltoday,https://careers-cooltoday.icims.com
cooperhealth,cooperhealth,https://careers-cooperhealth.icims.com
coraltreehospitality,coraltreehospitality,https://careers-coraltreehospitality.icims.com
cordobacorp,cordobacorp,https://careers-cordobacorp.icims.com
cotiviti,cotiviti,https://careers-cotiviti.icims.com
covenanthealth,covenanthealth,https://careers-covenanthealth.icims.com
cravath,cravath,https://careers-cravath.icims.com
criterion-sys,criterion-sys,https://careers-criterion-sys.icims.com
criticalstart,criticalstart,https://careers-criticalstart.icims.com
ctifoods,ctifoods,https://careers-ctifoods.icims.com
culmen,culmen,https://careers-culmen.icims.com
cummingselec,cummingselec,https://careers-cummingselec.icims.com
cundall,cundall,https://careers-cundall.icims.com
cwsglobal,cwsglobal,https://careers-cwsglobal.icims.com
daifuku-america,daifuku-america,https://careers-daifuku-america.icims.com
dais,dais,https://careers-dais.icims.com
daktronics,daktronics,https://careers-daktronics.icims.com
damar,damar,https://careers-damar.icims.com
dartmouth-hitchcock,dartmouth-hitchcock,https://careers-dartmouth-hitchcock.icims.com
daytonfreight,daytonfreight,https://careers-daytonfreight.icims.com
dcgoodwill,dcgoodwill,https://careers-dcgoodwill.icims.com
dchsystem,dchsystem,https://careers-dchsystem.icims.com
ddn,ddn,https://careers-ddn.icims.com
de-axa,de-axa,https://careers-de-axa.icims.com
decisionpointcorp,decisionpointcorp,https://careers-decisionpointcorp.icims.com
delta-americas,delta-americas,https://careers-delta-americas.icims.com
dendreon,dendreon,https://careers-dendreon.icims.com
dewberry,dewberry,https://careers-dewberry.icims.com
didiglobal,didiglobal,https://careers-didiglobal.icims.com
dminc,dminc,https://careers-dminc.icims.com
dohertyinc,dohertyinc,https://careers-dohertyinc.icims.com
donernorth,donernorth,https://careers-donernorth.icims.com
drfirst,drfirst,https://careers-drfirst.icims.com
dudek,dudek,https://careers-dudek.icims.com
duluthtrading,duluthtrading,https://careers-duluthtrading.icims.com
e2,e2,https://careers-e2.icims.com
e2optics,e2optics,https://careers-e2optics.icims.com
eaglepicher,eaglepicher,https://careers-eaglepicher.icims.com
eastpennmanufacturing,eastpennmanufacturing,https://careers-eastpennmanufacturing.icims.com
ebglaw,ebglaw,https://careers-ebglaw.icims.com
ebscoind,ebscoind,https://careers-ebscoind.icims.com
edf-re,edf-re,https://careers-edf-re.icims.com
edgewaterit,edgewaterit,https://careers-edgewaterit.icims.com
edmundoptics,edmundoptics,https://careers-edmundoptics.icims.com
efwnow,efwnow,https://careers-efwnow.icims.com
ehhi,ehhi,https://careers-ehhi.icims.com
einstein,einstein,https://careers-einstein.icims.com
emcorgroup,emcorgroup,https://careers-emcorgroup.icims.com
emerus,emerus,https://careers-emerus.icims.com
empiricalfoods,empiricalfoods,https://careers-empiricalfoods.icims.com
emscrm,emscrm,https://careers-emscrm.icims.com
emtecinc,emtecinc,https://careers-emtecinc.icims.com
endeavorair,endeavorair,https://careers-endeavorair.icims.com
enfra,enfra,https://careers-enfra.icims.com
epeconsulting,epeconsulting,https://careers-epeconsulting.icims.com
epikafleet,epikafleet,https://careers-epikafleet.icims.com
ermcoeci,ermcoeci,https://careers-ermcoeci.icims.com
ers,ers,https://careers-ers.icims.com
essenmed,essenmed,https://careers-essenmed.icims.com
evms,evms,https://careers-evms.icims.com
expleo-jobs,expleo-jobs,https://careers-expleo-jobs.icims.com
explore,explore,https://careers-explore.icims.com
exponent,exponent,https://careers-exponent.icims.com
extensishr,extensishr,https://careers-extensishr.icims.com
familyres,familyres,https://careers-familyres.icims.com
fastenterprises,fastenterprises,https://careers-fastenterprises.icims.com
fbfs,fbfs,https://careers-fbfs.icims.com
fbmsales,fbmsales,https://careers-fbmsales.icims.com
fdcorp,fdcorp,https://careers-fdcorp.icims.com
fdmfieldservices,fdmfieldservices,https://careers-fdmfieldservices.icims.com
ferrellgas,ferrellgas,https://careers-ferrellgas.icims.com
fhcrc,fhcrc,https://careers-fhcrc.icims.com
fhfurr,fhfurr,https://careers-fhfurr.icims.com
firestonebp,firestonebp,https://uscareers-firestonebp.icims.com
firstambank,firstambank,https://careers-firstambank.icims.com
fnf,fnf,https://careers-fnf.icims.com
foley,foley,https://careers-foley.icims.com
fontainebleau,fontainebleau,https://careers-fontainebleau.icims.com
fortiss,fortiss,https://careers-fortiss.icims.com
fr-soitec,fr-soitec,https://careers-fr-soitec.icims.com
framatome,framatome,https://careers-framatome.icims.com
frankgaycommerical,frankgaycommerical,https://careers-frankgaycommerical.icims.com
frankgayresidential,frankgayresidential,https://careers-frankgayresidential.icims.com
fremontbank,fremontbank,https://careers-fremontbank.icims.com
french-ermcoeci,french-ermcoeci,https://careers-french-ermcoeci.icims.com
fresenius-kabi,fresenius-kabi,https://careers-fresenius-kabi.icims.com
fsg,fsg,https://careers-fsg.icims.com
ftidefense,ftidefense,https://careers-ftidefense.icims.com
galapagos,galapagos,https://careers-galapagos.icims.com
gannettfleming,gannettfleming,https://careers-gannettfleming.icims.com
gatx,gatx,https://careers-gatx.icims.com
gd,gd,https://careers-gd.icims.com
gd-electricboat,gd-electricboat,https://careers-gd-electricboat.icims.com
gd-ots,gd-ots,https://careers-gd-ots.icims.com
gdbiw,gdbiw,https://careers-gdbiw.icims.com
gdeb,gdeb,https://careers-gdeb.icims.com
gdifamilyofbrands,gdifamilyofbrands,https://careers-gdifamilyofbrands.icims.com
gdms,gdms,https://careers-gdms.icims.com
generaldynamics,generaldynamics,https://careers-generaldynamics.icims.com
gentivahs,gentivahs,https://careers-gentivahs.icims.com
genusplc,genusplc,https://careers-genusplc.icims.com
geosyntec,geosyntec,https://careers-geosyntec.icims.com
geoyeti,geoyeti,https://careers-geoyeti.icims.com
germany-berkley,germany-berkley,https://careers-germany-berkley.icims.com
gilbaneco,gilbaneco,https://careers-gilbaneco.icims.com
gildan,gildan,https://careers-gildan.icims.com
goaheadlondon,goaheadlondon,https://careers-goaheadlondon.icims.com
goodshepherdhospice,goodshepherdhospice,https://careers-goodshepherdhospice.icims.com
gotyto,gotyto,https://careers-gotyto.icims.com
grahampackaging,grahampackaging,https://careers-grahampackaging.icims.com
granicus,granicus,https://careers-granicus.icims.com
greensky,greensky,https://careers-greensky.icims.com
greenstate,greenstate,https://careers-greenstate.icims.com
grsm,grsm,https://careers-grsm.icims.com
gtsx,gtsx,https://careers-gtsx.icims.com
guard,guard,https://careers-guard.icims.com
guelph,guelph,https://careers-guelph.icims.com
haleymechanical,haleymechanical,https://careers-haleymechanical.icims.com
hamilton,hamilton,https://careers-hamilton.icims.com
hamiltoncompany,hamiltoncompany,https://careers-hamiltoncompany.icims.com
hanger,hanger,https://careers-hanger.icims.com
harpercollins,harpercollins,https://careers-harpercollins.icims.com
haztekinc,haztekinc,https://careers-haztekinc.icims.com
hcsgcorp,hcsgcorp,https://careers-hcsgcorp.icims.com
healthedge,healthedge,https://careers-healthedge.icims.com
healthequity,healthequity,https://careers-healthequity.icims.com
healthpro-rehab,healthpro-rehab,https://careers-healthpro-rehab.icims.com
heart,heart,https://careers-heart.icims.com
herbalife,herbalife,https://careers-herbalife.icims.com
here,here,https://careers-here.icims.com
hexagonpositioning,hexagonpositioning,https://careers-hexagonpositioning.icims.com
hga,hga,https://careers-hga.icims.com
hhmlp,hhmlp,https://careers-hhmlp.icims.com
hines,hines,https://careers-hines.icims.com
hireright1,hireright1,https://careers-hireright1.icims.com
hracuity,hracuity,https://careers-hracuity.icims.com
hub-phs,hub-phs,https://careers-hub-phs.icims.com
hyland,hyland,https://careers-hyland.icims.com
i2xisys,i2xisys,https://careers-i2xisys.icims.com
i3-corps,i3-corps,https://careers-i3-corps.icims.com
ice,ice,https://careers-ice.icims.com
ideagenus,ideagenus,https://careers-ideagenus.icims.com
idlo,idlo,https://careers-idlo.icims.com
ieedu,ieedu,https://careers-ieedu.icims.com
iehp,iehp,https://careers-iehp.icims.com
imaginecommunications,imaginecommunications,https://careers-imaginecommunications.icims.com
imsa,imsa,https://careers-imsa.icims.com
industechnology,industechnology,https://careers-industechnology.icims.com
inovalon,inovalon,https://careers-inovalon.icims.com
insight2profit,insight2profit,https://careers-insight2profit.icims.com
int-tcw,int-tcw,https://careers-int-tcw.icims.com
integralfed,integralfed,https://careers-integralfed.icims.com
integreon,integreon,https://careers-integreon.icims.com
integriscommunityhospital,integriscommunityhospital,https://careers-integriscommunityhospital.icims.com
internova,internova,https://careers-internova.icims.com
interstatewaste,interstatewaste,https://careers-interstatewaste.icims.com
intllogic,intllogic,https://careers-intllogic.icims.com
ipipeline,ipipeline,https://careers-ipipeline.icims.com
iqt,iqt,https://careers-iqt.icims.com
iquw,iquw,https://careers-iquw.icims.com
iridium,iridium,https://careers-iridium.icims.com
isaca,isaca,https://careers-isaca.icims.com
isc2,isc2,https://careers-isc2.icims.com
itcfederal,itcfederal,https://careers-itcfederal.icims.com
itility,itility,https://careers-itility.icims.com
itstechnology,itstechnology,https://careers-itstechnology.icims.com
jacksoncasino,jacksoncasino,https://careers-jacksoncasino.icims.com
joa,jobs-joa,https://jobs-joa.icims.com
jobin,jobin,https://careers-jobin.icims.com
jobyaviation,jobyaviation,https://careers-jobyaviation.icims.com
jocogov,jocogov,https://careers-jocogov.icims.com
johannafoods,johannafoods,https://careers-johannafoods.icims.com
jointcommission,jointcommission,https://careers-jointcommission.icims.com
jsco,jsco,https://careers-jsco.icims.com
kbhome,kbhome,https://careers-kbhome.icims.com
kci,kci,https://careers-kci.icims.com
kelleykronenberg,kelleykronenberg,https://careers-kelleykronenberg.icims.com
kemin,kemin,https://careers-kemin.icims.com
kentro,kentro,https://careers-kentro.icims.com
ketteringhealth,ketteringhealth,https://careers-ketteringhealth.icims.com
kilpatricktownsend,kilpatricktownsend,https://careers-kilpatricktownsend.icims.com
kimley-horn,kimley-horn,https://careers-kimley-horn.icims.com
kinaxis,kinaxis,https://careers-kinaxis.icims.com
kingfisher2,kingfisher2,https://careers-kingfisher2.icims.com
kiscoseniorliving,kiscoseniorliving,https://careers-kiscoseniorliving.icims.com
kleinfelder,kleinfelder,https://careers-kleinfelder.icims.com
kloveair1,kloveair1,https://careers-kloveair1.icims.com
knipper,knipper,https://careers-knipper.icims.com
knowledgeservices,knowledgeservices,https://careers-knowledgeservices.icims.com
kvh,kvh,https://careers-kvh.icims.com
kwe,kwe,https://careers-kwe.icims.com
kyowa-kirin,kyowa-kirin,https://careers-kyowa-kirin.icims.com
latticesemi,latticesemi,https://careers-latticesemi.icims.com
leavitt,leavitt,https://careers-leavitt.icims.com
leftfieldlabs,leftfieldlabs,https://careers-leftfieldlabs.icims.com
lemaitre,lemaitre,https://careers-lemaitre.icims.com
lewisbrisbois,lewisbrisbois,https://careers-lewisbrisbois.icims.com
leye,leye,https://careers-leye.icims.com
lhs,lhs,https://careers-lhs.icims.com
libertycompaniesllc,libertycompaniesllc,https://careers-libertycompaniesllc.icims.com
libertymutual,libertymutual,https://careers-libertymutual.icims.com
linesight,linesight,https://careers-linesight.icims.com
linkindustrialfields,linkindustrialfields,https://careers-linkindustrialfields.icims.com
liro,liro,https://careers-liro.icims.com
livelmh,livelmh,https://careers-livelmh.icims.com
liveonny,liveonny,https://careers-liveonny.icims.com
lmi,lmi,https://careers-lmi.icims.com
loancareservicing,loancareservicing,https://careers-loancareservicing.icims.com
logixbanking,logixbanking,https://careers-logixbanking.icims.com
lordabbett,lordabbett,https://careers-lordabbett.icims.com
loretto2,loretto2,https://careers-loretto2.icims.com
lorienhealth,lorienhealth,https://careers-lorienhealth.icims.com
lsac,lsac,https://careers-lsac.icims.com
lspower,lspower,https://careers-lspower.icims.com
lupinpharmaceuticals,lupinpharmaceuticals,https://careers-lupinpharmaceuticals.icims.com
lw,lw,https://careers-lw.icims.com
macalester,macalester,https://careers-macalester.icims.com
macny,macny,https://careers-macny.icims.com
madeiramadeira,madeiramadeira,https://careers-madeiramadeira.icims.com
magaero,magaero,https://careers-magaero.icims.com
magnera,magnera,https://careers-magnera.icims.com
mambu,mambu,https://careers-mambu.icims.com
markon,markon,https://careers-markon.icims.com
matchmg,matchmg,https://careers-matchmg.icims.com
maxor,maxor,https://careers-maxor.icims.com
mayvl,mayvl,https://careers-mayvl.icims.com
mb2dental,mb2dental,https://careers-mb2dental.icims.com
mci,mci,https://careers-mci.icims.com
mci2,mci2,https://careers-mci2.icims.com
mcics,mcics,https://careers-mcics.icims.com
mdch,mdch,https://careers-mdch.icims.com
medicalsolutions,medicalsolutions,https://careers-medicalsolutions.icims.com
mercuryinsurance,mercuryinsurance,https://careers-mercuryinsurance.icims.com
meridianbioscience,meridianbioscience,https://careers-meridianbioscience.icims.com
metalexchange,metalexchange,https://careers-metalexchange.icims.com
metro,metro,https://careers-metro.icims.com
mgocpa,mgocpa,https://careers-mgocpa.icims.com
michfb,michfb,https://careers-michfb.icims.com
miltoncat,miltoncat,https://careers-miltoncat.icims.com
mineralstech,mineralstech,https://careers-mineralstech.icims.com
mlssoccer,mlssoccer,https://careers-mlssoccer.icims.com
monterosatx,monterosatx,https://careers-monterosatx.icims.com
morainepark,morainepark,https://careers-morainepark.icims.com
morganplc,morganplc,https://careers-morganplc.icims.com
mortgage-cffc,mortgage-cffc,https://careers-mortgage-cffc.icims.com
mpi,mpi,https://careers-mpi.icims.com
mpowerdirect,mpowerdirect,https://careers-mpowerdirect.icims.com
mpr,mpr,https://careers-mpr.icims.com
mtfbiologics,mtfbiologics,https://careers-mtfbiologics.icims.com
muckleshootgov,muckleshootgov,https://careers-muckleshootgov.icims.com
mwdh2o,mwdh2o,https://careers-mwdh2o.icims.com
myacuity,myacuity,https://careers-myacuity.icims.com
mycmh,mycmh,https://careers-mycmh.icims.com
mydental,mydental,https://careers-mydental.icims.com
mysagedental,mysagedental,https://careers-mysagedental.icims.com
na-merlinentertainments,na-merlinentertainments,https://careers-na-merlinentertainments.icims.com
nacg,nacg,https://careers-nacg.icims.com
nafinc,nafinc,https://careers-nafinc.icims.com
nakupuna,nakupuna,https://careers-nakupuna.icims.com
naphcare,naphcare,https://careers-naphcare.icims.com
nasco,nasco,https://careers-nasco.icims.com
natdcp,natdcp,https://careers-natdcp.icims.com
nationaldebtrelief,nationaldebtrelief,https://careers-nationaldebtrelief.icims.com
naturalgrocers,naturalgrocers,https://careers-naturalgrocers.icims.com
navitas,navitas,https://careers-navitas.icims.com
navitus,navitus,https://careers-navitus.icims.com
ncfe,ncfe,https://careers-ncfe.icims.com
neighborhooddefender,neighborhooddefender,https://careers-neighborhooddefender.icims.com
nelsonmullins,nelsonmullins,https://careers-nelsonmullins.icims.com
newmarket,newmarket,https://careers-newmarket.icims.com
nextechna,nextechna,https://careers-nextechna.icims.com
niche,niche,https://careers-niche.icims.com
njeda,njeda,https://careers-njeda.icims.com
nl,nl,https://careers-nl.icims.com
northside,northside,https://careers-northside.icims.com
northwesternmutual,northwesternmutual,https://careers-northwesternmutual.icims.com
novacore,novacore,https://careers-novacore.icims.com
novelis,novelis,https://careers-novelis.icims.com
novolex,novolex,https://careers-novolex.icims.com
nrdc,nrdc,https://careers-nrdc.icims.com
nscglobal,nscglobal,https://careers-nscglobal.icims.com
nuggetmarket,nuggetmarket,https://careers-nuggetmarket.icims.com
nv5,nv5,https://careers-nv5.icims.com
nybg,nybg,https://careers-nybg.icims.com
nybloodcenter,nybloodcenter,https://careers-nybloodcenter.icims.com
nyit,nyit,https://careers-nyit.icims.com
nyu,nyu,https://careers-nyu.icims.com
oakhilladvisors,oakhilladvisors,https://careers-oakhilladvisors.icims.com
obmc,obmc,https://careers-obmc.icims.com
odysseyconsult,odysseyconsult,https://careers-odysseyconsult.icims.com
oldnational,oldnational,https://careers-oldnational.icims.com
ompimail,ompimail,https://careers-ompimail.icims.com
onbrand24,onbrand24,https://careers-onbrand24.icims.com
oneidentity,oneidentity,https://careers-oneidentity.icims.com
orange,orange,https://careers-orange.icims.com
orau,orau,https://careers-orau.icims.com
oraucareers,oraucareers,https://careers-oraucareers.icims.com
origamirisk,origamirisk,https://careers-origamirisk.icims.com
osb,osb,https://careers-osb.icims.com
ovg,ovg,https://careers-ovg.icims.com
ovgcan,ovgcan,https://careers-ovgcan.icims.com
oxgene,oxgene,https://careers-oxgene.icims.com
pactworld,pactworld,https://careers-pactworld.icims.com
pamhealth,pamhealth,https://careers-pamhealth.icims.com
parkhill,parkhill,https://careers-parkhill.icims.com
partnershiphp,partnershiphp,https://careers-partnershiphp.icims.com
patternenergy,patternenergy,https://careers-patternenergy.icims.com
pctedu,pctedu,https://careers-pctedu.icims.com
peagroup,peagroup,https://careers-peagroup.icims.com
peakdentalservices,peakdentalservices,https://careers-peakdentalservices.icims.com
peelregion,peelregion,https://careers-peelregion.icims.com
pennex,pennex,https://careers-pennex.icims.com
peraton,peraton,https://careers-peraton.icims.com
persistentsystems,persistentsystems,https://careers-persistentsystems.icims.com
personifyhealth,personifyhealth,https://careers-personifyhealth.icims.com
petsuppliesplus,petsuppliesplus,https://careers-petsuppliesplus.icims.com
pgworks,pgworks,https://careers-pgworks.icims.com
piedmont,piedmont,https://careers-piedmont.icims.com
pioneerhvacmt,pioneerhvacmt,https://careers-pioneerhvacmt.icims.com
pittohio,pittohio,https://careers-pittohio.icims.com
plansys,plansys,https://careers-plansys.icims.com
plslogistics,plslogistics,https://careers-plslogistics.icims.com
pne,pne,https://careers-pne.icims.com
polkcountysheriffsoffice,polkcountysheriffsoffice,https://careers-polkcountysheriffsoffice.icims.com
powerflex,powerflex,https://careers-powerflex.icims.com
powerplan,powerplan,https://careers-powerplan.icims.com
powerschool,powerschool,https://careers-powerschool.icims.com
premierdentistpartners,premierdentistpartners,https://careers-premierdentistpartners.icims.com
preshomes,preshomes,https://careers-preshomes.icims.com
prginternational,prginternational,https://careers-prginternational.icims.com
primehealthcare,primehealthcare,https://careers-primehealthcare.icims.com
propark,propark,https://careers-propark.icims.com
ptsolutions,ptsolutions,https://careers-ptsolutions.icims.com
pvm,pvm,https://careers-pvm.icims.com
qchek,qchek,https://careers-qchek.icims.com
qinetiqus,qinetiqus,https://careers-qinetiqus.icims.com
qpex,qpex,https://careers-qpex.icims.com
quanta,quanta,https://careers-quanta.icims.com
quest,quest,https://careers-quest.icims.com
rambus,rambus,https://careers-rambus.icims.com
rcm,rcm,https://careers-rcm.icims.com
realpagepms,realpagepms,https://careers-realpagepms.icims.com
redcap,redcap,https://careers-redcap.icims.com
renasant,renasant,https://careers-renasant.icims.com
repligen,repligen,https://careers-repligen.icims.com
restano,restano,https://careers-restano.icims.com
revantage,revantage,https://careers-revantage.icims.com
ringpower,ringpower,https://careers-ringpower.icims.com
riverbed,riverbed,https://careers-riverbed.icims.com
rivercree,rivercree,https://careers-rivercree.icims.com
riyadhair,riyadhair,https://careers-riyadhair.icims.com
roadrunnersports,roadrunnersports,https://careers-roadrunnersports.icims.com
rpmliving,rpmliving,https://careers-rpmliving.icims.com
rrsc,rrsc,https://careers-rrsc.icims.com
rsandh,rsandh,https://careers-rsandh.icims.com
rssb,rssb,https://careers-rssb.icims.com
ruralking,ruralking,https://careers-ruralking.icims.com
rws,rws,https://careers-rws.icims.com
ryder,ryder,https://careers-ryder.icims.com
saft,saft,https://careers-saft.icims.com
sagaftra,sagaftra,https://careers-sagaftra.icims.com
samaritanvillage,samaritanvillage,https://careers-samaritanvillage.icims.com
sares-regis,sares-regis,https://careers-sares-regis.icims.com
sargentlundy,sargentlundy,https://careers-sargentlundy.icims.com
sarh,sarh,https://careers-sarh.icims.com
sas,sas,https://careers-sas.icims.com
sazerac,sazerac,https://careers-sazerac.icims.com
sbec,sbec,https://careers-sbec.icims.com
scires,scires,https://careers-scires.icims.com
scsengineers,scsengineers,https://careers-scsengineers.icims.com
sdsurf,sdsurf,https://careers-sdsurf.icims.com
seismic,seismic,https://careers-seismic.icims.com
seniorlifepa,seniorlifepa,https://careers-seniorlifepa.icims.com
sentinel,sentinel,https://careers-sentinel.icims.com
sercocanada,sercocanada,https://careers-sercocanada.icims.com
servicechampions,servicechampions,https://careers-servicechampions.icims.com
sev1tech,sev1tech,https://careers-sev1tech.icims.com
shamal,shamal,https://careers-shamal.icims.com
sharpusa,sharpusa,https://careers-sharpusa.icims.com
shawmut,shawmut,https://careers-shawmut.icims.com
shriners,shriners,https://careers-shriners.icims.com
sidley,sidley,https://careers-sidley.icims.com
simventions,simventions,https://careers-simventions.icims.com
singerequipment,singerequipment,https://careers-singerequipment.icims.com
skanska,skanska,https://careers-skanska.icims.com
skh,skh,https://careers-skh.icims.com
sklifescienceinc,sklifescienceinc,https://careers-sklifescienceinc.icims.com
slco,slco,https://careers-slco.icims.com
slhs,slhs,https://careers-slhs.icims.com
sms,sms,https://careers-sms.icims.com
smyrnareadymix,smyrnareadymix,https://careers-smyrnareadymix.icims.com
snapon,snapon,https://careers-snapon.icims.com
snyder,snyder,https://careers-snyder.icims.com
softtechconsulting,softtechconsulting,https://careers-softtechconsulting.icims.com
soitec,soitec,https://careers-soitec.icims.com
solairus,solairus,https://careers-solairus.icims.com
somniainc,somniainc,https://careers-somniainc.icims.com
sonalysts,sonalysts,https://careers-sonalysts.icims.com
sonrava,sonrava,https://careers-sonrava.icims.com
sos-kd,sos-kd,https://careers-sos-kd.icims.com
southcoast,southcoast,https://careers-southcoast.icims.com
spain-berkley,spain-berkley,https://careers-spain-berkley.icims.com
spain-magnera,spain-magnera,https://careers-spain-magnera.icims.com
sparinc,sparinc,https://careers-sparinc.icims.com
spencersandspirit,spencersandspirit,https://careers-spencersandspirit.icims.com
sri,sri,https://careers-sri.icims.com
ssoe,ssoe,https://careers-ssoe.icims.com
sss-steel,sss-steel,https://careers-sss-steel.icims.com
stagwellglobal,stagwellglobal,https://careers-stagwellglobal.icims.com
stardental,stardental,https://careers-stardental.icims.com
starr,starr,https://careers-starr.icims.com
steampunk,steampunk,https://careers-steampunk.icims.com
steeldynamics,steeldynamics,https://careers-steeldynamics.icims.com
steinhafels,steinhafels,https://careers-steinhafels.icims.com
stellantsystems,stellantsystems,https://careers-stellantsystems.icims.com
stellarsolutions,stellarsolutions,https://careers-stellarsolutions.icims.com
stemline,stemline,https://careers-stemline.icims.com
stifel,stifel,https://careers-stifel.icims.com
stonex,stonex,https://careers-stonex.icims.com
stratus,stratus,https://careers-stratus.icims.com
strosenh,strosenh,https://careers-strosenh.icims.com
structurepoint,structurepoint,https://careers-structurepoint.icims.com
suffolkconstruction,suffolkconstruction,https://careers-suffolkconstruction.icims.com
sunauto,sunauto,https://careers-sunauto.icims.com
suncrestcare,suncrestcare,https://careers-suncrestcare.icims.com
supportuw,supportuw,https://careers-supportuw.icims.com
sus,sus,https://careers-sus.icims.com
sv-kiwa,sv-kiwa,https://careers-sv-kiwa.icims.com
svclnk,svclnk,https://careers-svclnk.icims.com
svh,svh,https://careers-svh.icims.com
swissport,swissport,https://careers-swissport.icims.com
symbria,symbria,https://careers-symbria.icims.com
symplr,symplr,https://careers-symplr.icims.com
synchronoss,synchronoss,https://careers-synchronoss.icims.com
sysmex,sysmex,https://careers-sysmex.icims.com
tacten,tacten,https://careers-tacten.icims.com
tactica-solutions,tactica-solutions,https://careers-tactica-solutions.icims.com
talentcollab,talentcollab,https://careers-talentcollab.icims.com
tatitlek,tatitlek,https://careers-tatitlek.icims.com
tcw,tcw,https://careers-tcw.icims.com
techcu,techcu,https://careers-techcu.icims.com
technicalassociates,technicalassociates,https://careers-technicalassociates.icims.com
teknoluxion,teknoluxion,https://careers-teknoluxion.icims.com
teksynap,teksynap,https://careers-teksynap.icims.com
teksystems,teksystems,https://careers-teksystems.icims.com
tephseal,tephseal,https://careers-tephseal.icims.com
tfghospitality,tfghospitality,https://careers-tfghospitality.icims.com
thebrick,thebrick,https://careers-thebrick.icims.com
thekeycan,thekeycan,https://careers-thekeycan.icims.com
thepiadagroup,thepiadagroup,https://careers-thepiadagroup.icims.com
thesilverlining,thesilverlining,https://careers-thesilverlining.icims.com
thinktogether,thinktogether,https://careers-thinktogether.icims.com
tier1,tier1,https://careers-tier1.icims.com
tierpoint,tierpoint,https://careers-tierpoint.icims.com
tivityhealth,tivityhealth,https://careers-tivityhealth.icims.com
tlcmgmt,tlcmgmt,https://careers-tlcmgmt.icims.com
tmh,tmh,https://careers-tmh.icims.com
tmo,tmo,https://careers-tmo.icims.com
tmscomfort,tmscomfort,https://careers-tmscomfort.icims.com
trajectorservices,trajectorservices,https://careers-trajectorservices.icims.com
transcat,transcat,https://careers-transcat.icims.com
treliant,treliant,https://careers-treliant.icims.com
tsoln-inc,tsoln-inc,https://careers-tsoln-inc.icims.com
turn5,turn5,https://careers-turn5.icims.com
uabmedicine,uabmedicine,https://careers-uabmedicine.icims.com
uhnjcareers,uhnjcareers,https://careers-uhnjcareers.icims.com
uk-merlinentertainments,uk-merlinentertainments,https://careers-uk-merlinentertainments.icims.com
uknordicswitz-berkley,uknordicswitz-berkley,https://careers-uknordicswitz-berkley.icims.com
umms,umms,https://careers-umms.icims.com
unfcu,unfcu,https://careers-unfcu.icims.com
unisonglobal,unisonglobal,https://careers-unisonglobal.icims.com
urbanscience,urbanscience,https://careers-urbanscience.icims.com
us-corgan,us-corgan,https://careers-us-corgan.icims.com
us-secure,us-secure,https://careers-us-secure.icims.com
us-vistaglobal,us-vistaglobal,https://careers-us-vistaglobal.icims.com
usa-cecoenviro,usa-cecoenviro,https://careers-usa-cecoenviro.icims.com
usap,usap,https://careers-usap.icims.com
uscargo,uscargo,https://careers-uscargo.icims.com
usclaro,usclaro,https://careers-usclaro.icims.com
usesalvationarmy,usesalvationarmy,https://careers-usesalvationarmy.icims.com
usfintech,usfintech,https://careers-usfintech.icims.com
usu,usu,https://careers-usu.icims.com
uti,uti,https://careers-uti.icims.com
uuhc,uuhc,https://careers-uuhc.icims.com
uwcu,uwcu,https://careers-uwcu.icims.com
uwmcareers,uwmcareers,https://careers-uwmcareers.icims.com
valiantsolutions,valiantsolutions,https://careers-valiantsolutions.icims.com
validatek,validatek,https://careers-validatek.icims.com
vanir,vanir,https://careers-vanir.icims.com
vch,vch,https://careers-vch.icims.com
ventrahealth,ventrahealth,https://careers-ventrahealth.icims.com
vhb,vhb,https://careers-vhb.icims.com
vistaequitypartners,vistaequitypartners,https://careers-vistaequitypartners.icims.com
vistaglobal,vistaglobal,https://careers-vistaglobal.icims.com
vistrygroup,vistrygroup,https://careers-vistrygroup.icims.com
voancnn,voancnn,https://careers-voancnn.icims.com
wafd,wafd,https://careers-wafd.icims.com
waldeneatingdisorders,waldeneatingdisorders,https://careers-waldeneatingdisorders.icims.com
walkermorris,walkermorris,https://careers-walkermorris.icims.com
walterpmoore,walterpmoore,https://careers-walterpmoore.icims.com
wd40company,wd40company,https://careers-wd40company.icims.com
wendys,wendys,https://careers-wendys.icims.com
werfen,werfen,https://careers-werfen.icims.com
westcoastuniversity,westcoastuniversity,https://careers-westcoastuniversity.icims.com
westernmilling,westernmilling,https://careers-westernmilling.icims.com
westernsouthern,westernsouthern,https://careers-westernsouthern.icims.com
wheelsup,wheelsup,https://careers-wheelsup.icims.com
wilmingtonplc,wilmingtonplc,https://careers-wilmingtonplc.icims.com
wilson,wilson,https://careers-wilson.icims.com
wilsonemea,wilsonemea,https://careers-wilsonemea.icims.com
winco,winco,https://careers-winco.icims.com
wipfli,wipfli,https://careers-wipfli.icims.com
workforce1-edsi,workforce1-edsi,https://careers-workforce1-edsi.icims.com
wseinc,wseinc,https://careers-wseinc.icims.com
wth,wth,https://careers-wth.icims.com
wuxiapptec,wuxiapptec,https://careers-wuxiapptec.icims.com
wuxichemistry,wuxichemistry,https://careers-wuxichemistry.icims.com
wwfus,wwfus,https://careers-wwfus.icims.com
xerispharma,xerispharma,https://careers-xerispharma.icims.com
ymcasd,ymcasd,https://careers-ymcasd.icims.com
yugo,yugo,https://careers-yugo.icims.com
yusen-logistics,yusen-logistics,https://careers-yusen-logistics.icims.com
zekelman,zekelman,https://careers-zekelman.icims.com
84lumber,84lumber,https://careers-84lumber.icims.com
aarp,aarp,https://careers-aarp.icims.com
abilitynetwork,abilitynetwork,https://careers-abilitynetwork.icims.com
abogadaalexandra,abogadaalexandra,https://careers-abogadaalexandra.icims.com
acadiahealthcare,acadiahealthcare,https://careers-acadiahealthcare.icims.com
accentcare,accentcare,https://careers-accentcare.icims.com
aci,aci,https://careers-aci.icims.com
adlittle,adlittle,https://careers-adlittle.icims.com
adr,adr,https://careers-adr.icims.com
adspipe,adspipe,https://careers-adspipe.icims.com
advancial,advancial,https://careers-advancial.icims.com
aegisliving,aegisliving,https://careers-aegisliving.icims.com
aerotek,aerotek,https://careers-aerotek.icims.com
aes,aes,https://careers-aes.icims.com
affordablecare,affordablecare,https://careers-affordablecare.icims.com
agnc,agnc,https://careers-agnc.icims.com
aidshealth,aidshealth,https://careers-aidshealth.icims.com
aidt,aidt,https://careers-aidt.icims.com
aimbridge,aimbridge,https://careers-aimbridge.icims.com
airpartner,airpartner,https://careers-airpartner.icims.com
akima,akima,https://careers-akima.icims.com
albany,albany,https://careers-albany.icims.com
albat,albat,https://careers-albat.icims.com
aleragroup,aleragroup,https://careers-aleragroup.icims.com
allegisgroup,allegisgroup,https://careers-allegisgroup.icims.com
alo,alo,https://careers-alo.icims.com
alta,alta,https://careers-alta.icims.com
amd,amd,https://careers-amd.icims.com
ame,ame,https://careers-ame.icims.com
americafirst,americafirst,https://careers-americafirst.icims.com
americancollectors,americancollectors,https://careers-americancollectors.icims.com
americanhouse,americanhouse,https://careers-americanhouse.icims.com
americanseniorbenefits,americanseniorbenefits,https://careers-americanseniorbenefits.icims.com
americanstandard,americanstandard,https://careers-americanstandard.icims.com
apderm,apderm,https://careers-apderm.icims.com
apetito,apetito,https://careers-apetito.icims.com
apha,apha,https://careers-apha.icims.com
aphl,aphl,https://careers-aphl.icims.com
aprilaire,aprilaire,https://careers-aprilaire.icims.com
aptar,aptar,https://careers-aptar.icims.com
araglegal,araglegal,https://careers-araglegal.icims.com
arcesium,arcesium,https://careers-arcesium.icims.com
arch,arch,https://careers-arch.icims.com
ardenthealth,ardenthealth,https://careers-ardenthealth.icims.com
arrow,arrow,https://careers-arrow.icims.com
arteriorshome,arteriorshome,https://careers-arteriorshome.icims.com
ascension,ascension,https://careers-ascension.icims.com
ashton,ashton,https://careers-ashton.icims.com
ashtonwoods,ashtonwoods,https://careers-ashtonwoods.icims.com
asrc,asrc,https://careers-asrc.icims.com
athletico,athletico,https://careers-athletico.icims.com
atl,atl,https://careers-atl.icims.com
atlanticcityelectric,atlanticcityelectric,https://careers-atlanticcityelectric.icims.com
atlantiscasino,atlantiscasino,https://careers-atlantiscasino.icims.com
atlasair,atlasair,https://careers-atlasair.icims.com
aurora,aurora,https://careers-aurora.icims.com
avalere,avalere,https://careers-avalere.icims.com
avancecare,avancecare,https://careers-avancecare.icims.com
avon,avon,https://careers-avon.icims.com
axaltacs,axaltacs,https://careers-axaltacs.icims.com
bannerlife,bannerlife,https://careers-bannerlife.icims.com
barrett,barrett,https://careers-barrett.icims.com
bartonassociates,bartonassociates,https://careers-bartonassociates.icims.com
bassett,bassett,https://careers-bassett.icims.com
bayview,bayview,https://careers-bayview.icims.com
bcg,bcg,https://careers-bcg.icims.com
beazer,beazer,https://careers-beazer.icims.com
beazley,beazley,https://careers-beazley.icims.com
beebehealthcare,beebehealthcare,https://careers-beebehealthcare.icims.com
belmontpark,belmontpark,https://careers-belmontpark.icims.com
benjaminmoore,benjaminmoore,https://careers-benjaminmoore.icims.com
bergelectric,bergelectric,https://careers-bergelectric.icims.com
betterhealthgroup,betterhealthgroup,https://careers-betterhealthgroup.icims.com
bge,bge,https://careers-bge.icims.com
bimart,bimart,https://careers-bimart.icims.com
bissell,bissell,https://careers-bissell.icims.com
bjc,bjc,https://careers-bjc.icims.com
blackhawk,blackhawk,https://careers-blackhawk.icims.com
blade,blade,https://careers-blade.icims.com
blessedcbd,blessedcbd,https://careers-blessedcbd.icims.com
bluehawaiian,bluehawaiian,https://careers-bluehawaiian.icims.com
blupeak,blupeak,https://careers-blupeak.icims.com
bned,bned,https://careers-bned.icims.com
boafit,boafit,https://careers-boafit.icims.com
bostonpizza,bostonpizza,https://careers-bostonpizza.icims.com
bottomline,bottomline,https://careers-bottomline.icims.com
bovishomes,bovishomes,https://careers-bovishomes.icims.com
bowman,bowman,https://careers-bowman.icims.com
boyneresorts,boyneresorts,https://careers-boyneresorts.icims.com
brehotels,brehotels,https://careers-brehotels.icims.com
brevanhoward,brevanhoward,https://careers-brevanhoward.icims.com
bridgewater,bridgewater,https://careers-bridgewater.icims.com
brightviewseniorliving,brightviewseniorliving,https://careers-brightviewseniorliving.icims.com
brookfieldproperties,brookfieldproperties,https://careers-brookfieldproperties.icims.com
brooksbrothers,brooksbrothers,https://careers-brooksbrothers.icims.com
bruno,bruno,https://careers-bruno.icims.com
buckeye,buckeye,https://careers-buckeye.icims.com
burnsandwilcox,burnsandwilcox,https://careers-burnsandwilcox.icims.com
busybeeschildcare,busybeeschildcare,https://careers-busybeeschildcare.icims.com
buzzballz,buzzballz,https://careers-buzzballz.icims.com
cadence-education,cadence-education,https://careers-cadence-education.icims.com
calo,calo,https://careers-calo.icims.com
calspan,calspan,https://careers-calspan.icims.com
cannacabana,cannacabana,https://careers-cannacabana.icims.com
canyonranch,canyonranch,https://careers-canyonranch.icims.com
capreit,capreit,https://careers-capreit.icims.com
captrust,captrust,https://careers-captrust.icims.com
carcare,carcare,https://careers-carcare.icims.com
carecentrix,carecentrix,https://careers-carecentrix.icims.com
careconnect,careconnect,https://careers-careconnect.icims.com
careforth,careforth,https://careers-careforth.icims.com
carepointhealth,carepointhealth,https://careers-carepointhealth.icims.com
carle,carle,https://careers-carle.icims.com
carousel,carousel,https://careers-carousel.icims.com
ccf,ccf,https://careers-ccf.icims.com
ccmsi,ccmsi,https://careers-ccmsi.icims.com
ccsusa,ccsusa,https://careers-ccsusa.icims.com
ccsww,ccsww,https://careers-ccsww.icims.com
cdmsmith,cdmsmith,https://careers-cdmsmith.icims.com
celldex,celldex,https://careers-celldex.icims.com
centralmarket,centralmarket,https://careers-centralmarket.icims.com
centrastate,centrastate,https://careers-centrastate.icims.com
charleys,charleys,https://careers-charleys.icims.com
chc,chc,https://careers-chc.icims.com
chenega,chenega,https://careers-chenega.icims.com
christiancare,christiancare,https://careers-christiancare.icims.com
chsli,chsli,https://careers-chsli.icims.com
cielotalent,cielotalent,https://careers-cielotalent.icims.com
cirrusaircraft,cirrusaircraft,https://careers-cirrusaircraft.icims.com
cis,cis,https://careers-cis.icims.com
citrin,citrin,https://careers-citrin.icims.com
clearygottlieb,clearygottlieb,https://careers-clearygottlieb.icims.com
cn,cn,https://careers-cn.icims.com
cnb,cnb,https://careers-cnb.icims.com
coborns,coborns,https://careers-coborns.icims.com
colliersengineering,colliersengineering,https://careers-colliersengineering.icims.com
columbuszoo,columbuszoo,https://careers-columbuszoo.icims.com
commonspirit,commonspirit,https://careers-commonspirit.icims.com
commonwealth,commonwealth,https://careers-commonwealth.icims.com
concoracredit,concoracredit,https://careers-concoracredit.icims.com
conehealth,conehealth,https://careers-conehealth.icims.com
confluenthealth,confluenthealth,https://careers-confluenthealth.icims.com
consilio,consilio,https://careers-consilio.icims.com
constellationenergy,constellationenergy,https://careers-constellationenergy.icims.com
contecinc,contecinc,https://careers-contecinc.icims.com
coolray,coolray,https://careers-coolray.icims.com
cort,cort,https://careers-cort.icims.com
cortland,cortland,https://careers-cortland.icims.com
costco,costco,https://careers-costco.icims.com
covenanthealthcare,covenanthealthcare,https://careers-covenanthealthcare.icims.com
coventry,coventry,https://careers-coventry.icims.com
cpicardgroup,cpicardgroup,https://careers-cpicardgroup.icims.com
crowley,crowley,https://careers-crowley.icims.com
cscsw,cscsw,https://careers-cscsw.icims.com
ctic,ctic,https://careers-ctic.icims.com
cvent,cvent,https://careers-cvent.icims.com
cvtc,cvtc,https://careers-cvtc.icims.com
cwi,cwi,https://careers-cwi.icims.com
cyble,cyble,https://careers-cyble.icims.com
daa,daa,https://careers-daa.icims.com
databankimx,databankimx,https://careers-databankimx.icims.com
dbv,dbv,https://careers-dbv.icims.com
deerfield,deerfield,https://careers-deerfield.icims.com
definition6,definition6,https://careers-definition6.icims.com
delmarva,delmarva,https://careers-delmarva.icims.com
deltaworld,deltaworld,https://careers-deltaworld.icims.com
deshaw,deshaw,https://careers-deshaw.icims.com
desis,desis,https://careers-desis.icims.com
devco,devco,https://careers-devco.icims.com
devereux,devereux,https://careers-devereux.icims.com
dickblick,dickblick,https://careers-dickblick.icims.com
dickeys,dickeys,https://careers-dickeys.icims.com
dndi,dndi,https://careers-dndi.icims.com
dohrn,dohrn,https://careers-dohrn.icims.com
dole,dole,https://careers-dole.icims.com
donaanacounty,donaanacounty,https://careers-donaanacounty.icims.com
donsappliances,donsappliances,https://careers-donsappliances.icims.com
dorsey,dorsey,https://careers-dorsey.icims.com
dreeshomes,dreeshomes,https://careers-dreeshomes.icims.com
dulyhealthandcare,dulyhealthandcare,https://careers-dulyhealthandcare.icims.com
dwfgroup,dwfgroup,https://careers-dwfgroup.icims.com
dycom,dycom,https://careers-dycom.icims.com
eaglebankcorp,eaglebankcorp,https://careers-eaglebankcorp.icims.com
eagleview,eagleview,https://careers-eagleview.icims.com
eastwestbank,eastwestbank,https://careers-eastwestbank.icims.com
ecgmc,ecgmc,https://careers-ecgmc.icims.com
ecslimited,ecslimited,https://careers-ecslimited.icims.com
ehs,ehs,https://careers-ehs.icims.com
eimagine,eimagine,https://careers-eimagine.icims.com
electrorent,electrorent,https://careers-electrorent.icims.com
elian,elian,https://careers-elian.icims.com
elwyn,elwyn,https://careers-elwyn.icims.com
emagin,emagin,https://careers-emagin.icims.com
embarkbh,embarkbh,https://careers-embarkbh.icims.com
embracepetinsurance,embracepetinsurance,https://careers-embracepetinsurance.icims.com
emera,emera,https://careers-emera.icims.com
emory,emory,https://careers-emory.icims.com
empeople,empeople,https://careers-empeople.icims.com
empowerpharmacy,empowerpharmacy,https://careers-empowerpharmacy.icims.com
emscharts,emscharts,https://careers-emscharts.icims.com
energizerholdings,energizerholdings,https://careers-energizerholdings.icims.com
enerpac,enerpac,https://careers-enerpac.icims.com
envoyair,envoyair,https://careers-envoyair.icims.com
eplus,eplus,https://careers-eplus.icims.com
epsilon,epsilon,https://careers-epsilon.icims.com
erac,erac,https://careers-erac.icims.com
ernest,ernest,https://careers-ernest.icims.com
esinc,esinc,https://careers-esinc.icims.com
eskenazihealth,eskenazihealth,https://careers-eskenazihealth.icims.com
essensedesigns,essensedesigns,https://careers-essensedesigns.icims.com
et,et,https://careers-et.icims.com
evergreen,evergreen,https://careers-evergreen.icims.com
everty,everty,https://careers-everty.icims.com
explorelearning,explorelearning,https://careers-explorelearning.icims.com
express,express,https://careers-express.icims.com
ezeefiber,ezeefiber,https://careers-ezeefiber.icims.com
fastpacehealth,fastpacehealth,https://careers-fastpacehealth.icims.com
federalrealty,federalrealty,https://careers-federalrealty.icims.com
federatedinsurance,federatedinsurance,https://careers-federatedinsurance.icims.com
fednot,fednot,https://careers-fednot.icims.com
festfoods,festfoods,https://careers-festfoods.icims.com
findus,findus,https://careers-findus.icims.com
firebirdsrestaurants,firebirdsrestaurants,https://careers-firebirdsrestaurants.icims.com
firma,firma,https://careers-firma.icims.com
firstwatch,firstwatch,https://careers-firstwatch.icims.com
flanigans,flanigans,https://careers-flanigans.icims.com
flexpath,flexpath,https://careers-flexpath.icims.com
fluxys,fluxys,https://careers-fluxys.icims.com
fm,fm,https://careers-fm.icims.com
forefrontdermatology,forefrontdermatology,https://careers-forefrontdermatology.icims.com
forumcu,forumcu,https://careers-forumcu.icims.com
foundationfinance,foundationfinance,https://careers-foundationfinance.icims.com
four-paws,four-paws,https://careers-four-paws.icims.com
fr-axa,fr-axa,https://careers-fr-axa.icims.com
fraserhealth,fraserhealth,https://careers-fraserhealth.icims.com
frontdoor,frontdoor,https://careers-frontdoor.icims.com
frontgrade,frontgrade,https://careers-frontgrade.icims.com
frontwavecu,frontwavecu,https://careers-frontwavecu.icims.com
fss,fss,https://careers-fss.icims.com
fusionacademy,fusionacademy,https://careers-fusionacademy.icims.com
gamesglobal,gamesglobal,https://careers-gamesglobal.icims.com
garmin,garmin,https://careers-garmin.icims.com
garnethealth,garnethealth,https://careers-garnethealth.icims.com
gaynors,gaynors,https://careers-gaynors.icims.com
gbi,gbi,https://careers-gbi.icims.com
gbrx,gbrx,https://careers-gbrx.icims.com
gcg,gcg,https://careers-gcg.icims.com
genesishcc,genesishcc,https://careers-genesishcc.icims.com
genex,genex,https://careers-genex.icims.com
geogroup,geogroup,https://careers-geogroup.icims.com
giraffe,giraffe,https://careers-giraffe.icims.com
glacierbancorp,glacierbancorp,https://careers-glacierbancorp.icims.com
gmr,gmr,https://careers-gmr.icims.com
gnapartners,gnapartners,https://careers-gnapartners.icims.com
goauto,goauto,https://careers-goauto.icims.com
goldenstepsaba,goldenstepsaba,https://careers-goldenstepsaba.icims.com
goodguys,goodguys,https://careers-goodguys.icims.com
gov2x,gov2x,https://careers-gov2x.icims.com
graitec,graitec,https://careers-graitec.icims.com
grasscity,grasscity,https://careers-grasscity.icims.com
gray,gray,https://careers-gray.icims.com
greatdane,greatdane,https://careers-greatdane.icims.com
greenstreet,greenstreet,https://careers-greenstreet.icims.com
greyhound,greyhound,https://careers-greyhound.icims.com
grimmway,grimmway,https://careers-grimmway.icims.com
grinnellmutual,grinnellmutual,https://careers-grinnellmutual.icims.com
groom,groom,https://careers-groom.icims.com
group1auto,group1auto,https://careers-group1auto.icims.com
groupe-seche,groupe-seche,https://careers-groupe-seche.icims.com
growfinancial,growfinancial,https://careers-growfinancial.icims.com
gvh,gvh,https://careers-gvh.icims.com
haart,haart,https://careers-haart.icims.com
harborstone,harborstone,https://careers-harborstone.icims.com
harvard,harvard,https://careers-harvard.icims.com
haskell,haskell,https://careers-haskell.icims.com
haymarket,haymarket,https://careers-haymarket.icims.com
hays,hays,https://careers-hays.icims.com
hayward,hayward,https://careers-hayward.icims.com
hazelden,hazelden,https://careers-hazelden.icims.com
hcso,hcso,https://careers-hcso.icims.com
healthmanagement,healthmanagement,https://careers-healthmanagement.icims.com
hearinglife,hearinglife,https://careers-hearinglife.icims.com
heightsfinance,heightsfinance,https://careers-heightsfinance.icims.com
heli-one,heli-one,https://careers-heli-one.icims.com
helpathome,helpathome,https://careers-helpathome.icims.com
herveleger,herveleger,https://careers-herveleger.icims.com
hexpol,hexpol,https://careers-hexpol.icims.com
hhsys,hhsys,https://careers-hhsys.icims.com
hightideinc,hightideinc,https://careers-hightideinc.icims.com
hillcrest,hillcrest,https://careers-hillcrest.icims.com
homeview,homeview,https://careers-homeview.icims.com
howmet,howmet,https://careers-howmet.icims.com
hrblock,hrblock,https://careers-hrblock.icims.com
htcinc,htcinc,https://careers-htcinc.icims.com
hudsonjeans,hudsonjeans,https://careers-hudsonjeans.icims.com
humanscale,humanscale,https://careers-humanscale.icims.com
hustlerhollywood,hustlerhollywood,https://careers-hustlerhollywood.icims.com
hvcu,hvcu,https://careers-hvcu.icims.com
hwkaufman,hwkaufman,https://careers-hwkaufman.icims.com
ibp,ibp,https://careers-ibp.icims.com
ibts,ibts,https://careers-ibts.icims.com
icsystem,icsystem,https://careers-icsystem.icims.com
ideagen,ideagen,https://careers-ideagen.icims.com
idealimage,idealimage,https://careers-idealimage.icims.com
idirect,idirect,https://careers-idirect.icims.com
ies-co,ies-co,https://careers-ies-co.icims.com
imagefirst,imagefirst,https://careers-imagefirst.icims.com
immanuel,immanuel,https://careers-immanuel.icims.com
imtresidential,imtresidential,https://careers-imtresidential.icims.com
incomm,incomm,https://careers-incomm.icims.com
incyte,incyte,https://careers-incyte.icims.com
indeed,indeed,https://careers-indeed.icims.com
indio,indio,https://careers-indio.icims.com
infirmaryhealth,infirmaryhealth,https://careers-infirmaryhealth.icims.com
influence,influence,https://careers-influence.icims.com
innovage,innovage,https://careers-innovage.icims.com
insightglobal,insightglobal,https://careers-insightglobal.icims.com
insmed,insmed,https://careers-insmed.icims.com
intrado,intrado,https://careers-intrado.icims.com
iomart,iomart,https://careers-iomart.icims.com
ipsdb,ipsdb,https://careers-ipsdb.icims.com
isagenix,isagenix,https://careers-isagenix.icims.com
istmanagement,istmanagement,https://careers-istmanagement.icims.com
jandenul,jandenul,https://careers-jandenul.icims.com
janusintl,janusintl,https://careers-janusintl.icims.com
jaxsheriff,jaxsheriff,https://careers-jaxsheriff.icims.com
jbtc,jbtc,https://careers-jbtc.icims.com
jgwentworth,jgwentworth,https://careers-jgwentworth.icims.com
jhpiego,jhpiego,https://careers-jhpiego.icims.com
jkmoving,jkmoving,https://careers-jkmoving.icims.com
joesjeans,joesjeans,https://careers-joesjeans.icims.com
johnsonfinancialgroup,johnsonfinancialgroup,https://careers-johnsonfinancialgroup.icims.com
jrcigars,jrcigars,https://careers-jrcigars.icims.com
judge,judge,https://careers-judge.icims.com
kansascityymca,kansascityymca,https://careers-kansascityymca.icims.com
karyopharm,karyopharm,https://careers-karyopharm.icims.com
kastle,kastle,https://careers-kastle.icims.com
kbs,kbs,https://careers-kbs.icims.com
kcoe,kcoe,https://careers-kcoe.icims.com
kearnybank,kearnybank,https://careers-kearnybank.icims.com
kehe,kehe,https://careers-kehe.icims.com
kenna,kenna,https://careers-kenna.icims.com
keo,keo,https://careers-keo.icims.com
kesslercollection,kesslercollection,https://careers-kesslercollection.icims.com
kfs,kfs,https://careers-kfs.icims.com
kindermorgan,kindermorgan,https://careers-kindermorgan.icims.com
knaufinsulation,knaufinsulation,https://careers-knaufinsulation.icims.com
korian,korian,https://careers-korian.icims.com
kurita,kurita,https://careers-kurita.icims.com
kyfb,kyfb,https://careers-kyfb.icims.com
kyocera,kyocera,https://careers-kyocera.icims.com
lakeshore,lakeshore,https://careers-lakeshore.icims.com
landrysinc,landrysinc,https://careers-landrysinc.icims.com
lasrozas,lasrozas,https://careers-lasrozas.icims.com
lci1,lci1,https://careers-lci1.icims.com
leyton,leyton,https://careers-leyton.icims.com
lflgroup,lflgroup,https://careers-lflgroup.icims.com
lfp,lfp,https://careers-lfp.icims.com
lindenhomes,lindenhomes,https://careers-lindenhomes.icims.com
lir,lir,https://careers-lir.icims.com
lithia,lithia,https://careers-lithia.icims.com
lkk,lkk,https://careers-lkk.icims.com
lla,lla,https://careers-lla.icims.com
lovers,lovers,https://careers-lovers.icims.com
lowesfoods,lowesfoods,https://careers-lowesfoods.icims.com
lrp,lrp,https://careers-lrp.icims.com
lucky,lucky,https://careers-lucky.icims.com
lumapr,lumapr,https://careers-lumapr.icims.com
luvata,luvata,https://careers-luvata.icims.com
lvccld,lvccld,https://careers-lvccld.icims.com
maimo,maimo,https://careers-maimo.icims.com
mana,mana,https://careers-mana.icims.com
marinerfinance,marinerfinance,https://careers-marinerfinance.icims.com
marquiscompanies,marquiscompanies,https://careers-marquiscompanies.icims.com
martinbrower,martinbrower,https://careers-martinbrower.icims.com
marvin,marvin,https://careers-marvin.icims.com
mastec,mastec,https://careers-mastec.icims.com
masterelectronics,masterelectronics,https://careers-masterelectronics.icims.com
masterhalco,masterhalco,https://careers-masterhalco.icims.com
matthews,matthews,https://careers-matthews.icims.com
mcdean,mcdean,https://careers-mcdean.icims.com
mdi,mdi,https://careers-mdi.icims.com
mdmercy,mdmercy,https://careers-mdmercy.icims.com
mdvip,mdvip,https://careers-mdvip.icims.com
meadhunt,meadhunt,https://careers-meadhunt.icims.com
mec,mec,https://careers-mec.icims.com
members1st,members1st,https://careers-members1st.icims.com
mercy,mercy,https://careers-mercy.icims.com
meritagehomes,meritagehomes,https://careers-meritagehomes.icims.com
merrick,merrick,https://careers-merrick.icims.com
methodisthospitals,methodisthospitals,https://careers-methodisthospitals.icims.com
mheducation,mheducation,https://careers-mheducation.icims.com
michiganfirst,michiganfirst,https://careers-michiganfirst.icims.com
middlesexcountynj,middlesexcountynj,https://careers-middlesexcountynj.icims.com
midwestexpressclinic,midwestexpressclinic,https://careers-midwestexpressclinic.icims.com
midwestone,midwestone,https://careers-midwestone.icims.com
milbank,milbank,https://careers-milbank.icims.com
mile,mile,https://careers-mile.icims.com
milestones,milestones,https://careers-milestones.icims.com
miniso-us,miniso-us,https://careers-miniso-us.icims.com
mintdentistry,mintdentistry,https://careers-mintdentistry.icims.com
mitchell,mitchell,https://careers-mitchell.icims.com
mlaglobal,mlaglobal,https://careers-mlaglobal.icims.com
mmc,mmc,https://careers-mmc.icims.com
model1,model1,https://careers-model1.icims.com
monarchblackhawk,monarchblackhawk,https://careers-monarchblackhawk.icims.com
montenido,montenido,https://careers-montenido.icims.com
monument,monument,https://careers-monument.icims.com
morleynet,morleynet,https://careers-morleynet.icims.com
mountainsidemedical,mountainsidemedical,https://careers-mountainsidemedical.icims.com
mqimaging,mqimaging,https://careers-mqimaging.icims.com
mrn,mrn,https://careers-mrn.icims.com
mrocorp,mrocorp,https://careers-mrocorp.icims.com
msts,msts,https://careers-msts.icims.com
mt-pharma,mt-pharma,https://careers-mt-pharma.icims.com
multiview,multiview,https://careers-multiview.icims.com
museumca,museumca,https://careers-museumca.icims.com
mylife,mylife,https://careers-mylife.icims.com
mymichigan,mymichigan,https://careers-mymichigan.icims.com
myrgroup,myrgroup,https://careers-myrgroup.icims.com
nahealth,nahealth,https://careers-nahealth.icims.com
nana,nana,https://careers-nana.icims.com
nasi,nasi,https://careers-nasi.icims.com
nautica,nautica,https://careers-nautica.icims.com
navanta,navanta,https://careers-navanta.icims.com
newportacademy,newportacademy,https://careers-newportacademy.icims.com
nfiindustries,nfiindustries,https://careers-nfiindustries.icims.com
nhbc,nhbc,https://careers-nhbc.icims.com
nikkiso,nikkiso,https://careers-nikkiso.icims.com
nisa,nisa,https://careers-nisa.icims.com
noble,noble,https://careers-noble.icims.com
noblecorp,noblecorp,https://careers-noblecorp.icims.com
nomadfoods,nomadfoods,https://careers-nomadfoods.icims.com
noodles,noodles,https://careers-noodles.icims.com
northcoast,northcoast,https://careers-northcoast.icims.com
nortonhealthcare,nortonhealthcare,https://careers-nortonhealthcare.icims.com
nph,nph,https://careers-nph.icims.com
nrgmr,nrgmr,https://careers-nrgmr.icims.com
nrh-ok,nrh-ok,https://careers-nrh-ok.icims.com
ntc,ntc,https://careers-ntc.icims.com
nuleafnaturals,nuleafnaturals,https://careers-nuleafnaturals.icims.com
nvisioncenters,nvisioncenters,https://careers-nvisioncenters.icims.com
nwfcu,nwfcu,https://careers-nwfcu.icims.com
nwp,nwp,https://careers-nwp.icims.com
nyk,nyk,https://careers-nyk.icims.com
nysa,nysa,https://careers-nysa.icims.com
oakgov,oakgov,https://careers-oakgov.icims.com
oasis,oasis,https://careers-oasis.icims.com
odgers,odgers,https://careers-odgers.icims.com
okheart,okheart,https://careers-okheart.icims.com
oneadvanced,oneadvanced,https://careers-oneadvanced.icims.com
opml,opml,https://careers-opml.icims.com
optymyze,optymyze,https://careers-optymyze.icims.com
osagecasino,osagecasino,https://careers-osagecasino.icims.com
ossian,ossian,https://careers-ossian.icims.com
ozk,ozk,https://careers-ozk.icims.com
pacira,pacira,https://careers-pacira.icims.com
pagethink,pagethink,https://careers-pagethink.icims.com
palmettocitizens,palmettocitizens,https://careers-palmettocitizens.icims.com
parkerandsons,parkerandsons,https://careers-parkerandsons.icims.com
partsauthority,partsauthority,https://careers-partsauthority.icims.com
patelco,patelco,https://careers-patelco.icims.com
patracorp,patracorp,https://careers-patracorp.icims.com
paychex,paychex,https://careers-paychex.icims.com
pdf,pdf,https://careers-pdf.icims.com
pdshealth,pdshealth,https://careers-pdshealth.icims.com
peco,peco,https://careers-peco.icims.com
pennentertainment,pennentertainment,https://careers-pennentertainment.icims.com
penningtonslaw,penningtonslaw,https://careers-penningtonslaw.icims.com
pennrose,pennrose,https://careers-pennrose.icims.com
pepco,pepco,https://careers-pepco.icims.com
petsathome,petsathome,https://careers-petsathome.icims.com
petsmart,petsmart,https://careers-petsmart.icims.com
phc,phc,https://careers-phc.icims.com
photronics,photronics,https://careers-photronics.icims.com
phs,phs,https://careers-phs.icims.com
physiciansmutual,physiciansmutual,https://careers-physiciansmutual.icims.com
pilotcat,pilotcat,https://careers-pilotcat.icims.com
pinkerton,pinkerton,https://careers-pinkerton.icims.com
plansource,plansource,https://careers-plansource.icims.com
platinum,platinum,https://careers-platinum.icims.com
playabowls,playabowls,https://careers-playabowls.icims.com
portneuf,portneuf,https://careers-portneuf.icims.com
ppl,ppl,https://careers-ppl.icims.com
pplweb,pplweb,https://careers-pplweb.icims.com
prg,prg,https://careers-prg.icims.com
prideindustries,prideindustries,https://careers-prideindustries.icims.com
primeinc,primeinc,https://careers-primeinc.icims.com
primerevenue,primerevenue,https://careers-primerevenue.icims.com
primestorage,primestorage,https://careers-primestorage.icims.com
principal,principal,https://careers-principal.icims.com
prmg,prmg,https://careers-prmg.icims.com
prodigy,prodigy,https://careers-prodigy.icims.com
promega,promega,https://careers-promega.icims.com
prsformusic,prsformusic,https://careers-prsformusic.icims.com
prudential,prudential,https://careers-prudential.icims.com
psaairlines,psaairlines,https://careers-psaairlines.icims.com
psi,psi,https://careers-psi.icims.com
pst,pst,https://careers-pst.icims.com
pti,pti,https://careers-pti.icims.com
ptpn,ptpn,https://careers-ptpn.icims.com
publiccounsel,publiccounsel,https://careers-publiccounsel.icims.com
puzzlehr,puzzlehr,https://careers-puzzlehr.icims.com
ql,ql,https://careers-ql.icims.com
qxo,qxo,https://careers-qxo.icims.com
radnet,radnet,https://careers-radnet.icims.com
rae,rae,https://careers-rae.icims.com
randgroup,randgroup,https://careers-randgroup.icims.com
rare,rare,https://careers-rare.icims.com
rdi,rdi,https://careers-rdi.icims.com
reassured,reassured,https://careers-reassured.icims.com
recruiting,recruiting,https://careers-recruiting.icims.com
redlobster,redlobster,https://careers-redlobster.icims.com
redstagfulfillment,redstagfulfillment,https://careers-redstagfulfillment.icims.com
rei,rei,https://careers-rei.icims.com
reisystems,reisystems,https://careers-reisystems.icims.com
related,related,https://careers-related.icims.com
reliance,reliance,https://careers-reliance.icims.com
relife,relife,https://careers-relife.icims.com
resortsac,resortsac,https://careers-resortsac.icims.com
resourcelabel,resourcelabel,https://careers-resourcelabel.icims.com
reyesholdings,reyesholdings,https://careers-reyesholdings.icims.com
reynoldsconsumerproducts,reynoldsconsumerproducts,https://careers-reynoldsconsumerproducts.icims.com
rfacareers,rfacareers,https://careers-rfacareers.icims.com
ricardo,ricardo,https://careers-ricardo.icims.com
rinchem,rinchem,https://careers-rinchem.icims.com
riversidehealth,riversidehealth,https://careers-riversidehealth.icims.com
riversideresearch,riversideresearch,https://careers-riversideresearch.icims.com
rmrgroup,rmrgroup,https://careers-rmrgroup.icims.com
robertgraham,robertgraham,https://careers-robertgraham.icims.com
rochebros,rochebros,https://careers-rochebros.icims.com
rolling,rolling,https://careers-rolling.icims.com
rollins,rollins,https://careers-rollins.icims.com
ropesgray,ropesgray,https://careers-ropesgray.icims.com
rotech,rotech,https://careers-rotech.icims.com
rovisys,rovisys,https://careers-rovisys.icims.com
royalfarms,royalfarms,https://careers-royalfarms.icims.com
rpe,rpe,https://careers-rpe.icims.com
rtt,rtt,https://careers-rtt.icims.com
rugdoctor,rugdoctor,https://careers-rugdoctor.icims.com
rushenterprises,rushenterprises,https://careers-rushenterprises.icims.com
rvu,rvu,https://careers-rvu.icims.com
sabresystems,sabresystems,https://careers-sabresystems.icims.com
salemmedia,salemmedia,https://careers-salemmedia.icims.com
salemsurround,salemsurround,https://careers-salemsurround.icims.com
sam,sam,https://careers-sam.icims.com
sammonsfinancialgroup,sammonsfinancialgroup,https://careers-sammonsfinancialgroup.icims.com
samsonite,samsonite,https://careers-samsonite.icims.com
scasurgery,scasurgery,https://careers-scasurgery.icims.com
scatec,scatec,https://careers-scatec.icims.com
scca,scca,https://careers-scca.icims.com
screwfix,screwfix,https://careers-screwfix.icims.com
se,se,https://careers-se.icims.com
seaboardmarine,seaboardmarine,https://careers-seaboardmarine.icims.com
sedanos,sedanos,https://careers-sedanos.icims.com
selectquote,selectquote,https://careers-selectquote.icims.com
sequoia,sequoia,https://careers-sequoia.icims.com
sevenhills,sevenhills,https://careers-sevenhills.icims.com
seyfarth,seyfarth,https://careers-seyfarth.icims.com
shearers,shearers,https://careers-shearers.icims.com
shimmick,shimmick,https://careers-shimmick.icims.com
shionogi,shionogi,https://careers-shionogi.icims.com
shure,shure,https://careers-shure.icims.com
sicuritalia,sicuritalia,https://careers-sicuritalia.icims.com
sig,sig,https://careers-sig.icims.com
sightsavers,sightsavers,https://careers-sightsavers.icims.com
sil,sil,https://careers-sil.icims.com
sita,sita,https://careers-sita.icims.com
siteone,siteone,https://careers-siteone.icims.com
sixflags,sixflags,https://careers-sixflags.icims.com
skywest,skywest,https://careers-skywest.icims.com
smh,smh,https://careers-smh.icims.com
smilebrands,smilebrands,https://careers-smilebrands.icims.com
snf,snf,https://careers-snf.icims.com
softprocorp,softprocorp,https://careers-softprocorp.icims.com
softwareone,softwareone,https://careers-softwareone.icims.com
sonnysdirect,sonnysdirect,https://careers-sonnysdirect.icims.com
sound,sound,https://careers-sound.icims.com
spa,spa,https://careers-spa.icims.com
spanish,spanish,https://careers-spanish.icims.com
spiritaero,spiritaero,https://careers-spiritaero.icims.com
spokanetribecasino,spokanetribecasino,https://careers-spokanetribecasino.icims.com
springeq,springeq,https://careers-springeq.icims.com
springswindowfashions,springswindowfashions,https://careers-springswindowfashions.icims.com
sscgp,sscgp,https://careers-sscgp.icims.com
starlighthomes,starlighthomes,https://careers-starlighthomes.icims.com
stickergiant,stickergiant,https://careers-stickergiant.icims.com
stlukes-stl,stlukes-stl,https://careers-stlukes-stl.icims.com
stoneisland,stoneisland,https://careers-stoneisland.icims.com
strattec,strattec,https://careers-strattec.icims.com
suburbanpropane,suburbanpropane,https://careers-suburbanpropane.icims.com
sunsetter,sunsetter,https://careers-sunsetter.icims.com
sunvalley,sunvalley,https://careers-sunvalley.icims.com
symmons,symmons,https://careers-symmons.icims.com
synoptek,synoptek,https://careers-synoptek.icims.com
systra,systra,https://careers-systra.icims.com
tcnb,tcnb,https://careers-tcnb.icims.com
tcv,tcv,https://careers-tcv.icims.com
tdindustries,tdindustries,https://careers-tdindustries.icims.com
tedbaker,tedbaker,https://careers-tedbaker.icims.com
telemed,telemed,https://careers-telemed.icims.com
teleperformance,teleperformance,https://careers-teleperformance.icims.com
terranea,terranea,https://careers-terranea.icims.com
thefirstgroup,thefirstgroup,https://careers-thefirstgroup.icims.com
tighebond,tighebond,https://careers-tighebond.icims.com
titanmachinery,titanmachinery,https://careers-titanmachinery.icims.com
tkcholdings,tkcholdings,https://careers-tkcholdings.icims.com
tls,tls,https://careers-tls.icims.com
tmcf,tmcf,https://careers-tmcf.icims.com
torys,torys,https://careers-torys.icims.com
towerhealth,towerhealth,https://careers-towerhealth.icims.com
transglobal,transglobal,https://careers-transglobal.icims.com
transystems,transystems,https://careers-transystems.icims.com
trccompanies,trccompanies,https://careers-trccompanies.icims.com
trinity,trinity,https://careers-trinity.icims.com
trinseo,trinseo,https://careers-trinseo.icims.com
tripointehomes,tripointehomes,https://careers-tripointehomes.icims.com
truemedia,truemedia,https://careers-truemedia.icims.com
truesociety,truesociety,https://careers-truesociety.icims.com
tyndaleusa,tyndaleusa,https://careers-tyndaleusa.icims.com
ucbi,ucbi,https://careers-ucbi.icims.com
uci,uci,https://careers-uci.icims.com
ucla,ucla,https://careers-ucla.icims.com
ucm,ucm,https://careers-ucm.icims.com
ufs,ufs,https://careers-ufs.icims.com
uhsinc,uhsinc,https://careers-uhsinc.icims.com
unchealth,unchealth,https://careers-unchealth.icims.com
unitedsiteservices,unitedsiteservices,https://careers-unitedsiteservices.icims.com
unitek,unitek,https://careers-unitek.icims.com
unitekcollege,unitekcollege,https://careers-unitekcollege.icims.com
up,up,https://careers-up.icims.com
urpt,urpt,https://careers-urpt.icims.com
urs,urs,https://careers-urs.icims.com
usac,usac,https://careers-usac.icims.com
usoncology,usoncology,https://careers-usoncology.icims.com
usopen,usopen,https://careers-usopen.icims.com
usrenalcare,usrenalcare,https://careers-usrenalcare.icims.com
uticaparkclinic,uticaparkclinic,https://careers-uticaparkclinic.icims.com
vailgov,vailgov,https://careers-vailgov.icims.com
vanguard,vanguard,https://careers-vanguard.icims.com
ve,ve,https://careers-ve.icims.com
velosio,velosio,https://careers-velosio.icims.com
vencore,vencore,https://careers-vencore.icims.com
versiti,versiti,https://careers-versiti.icims.com
verticalscreen,verticalscreen,https://careers-verticalscreen.icims.com
vet,vet,https://careers-vet.icims.com
vetcor,vetcor,https://careers-vetcor.icims.com
vhchealth,vhchealth,https://careers-vhchealth.icims.com
viapath,viapath,https://careers-viapath.icims.com
viasat,viasat,https://careers-viasat.icims.com
viking,viking,https://careers-viking.icims.com
viliving,viliving,https://careers-viliving.icims.com
virginiahousing,virginiahousing,https://careers-virginiahousing.icims.com
vnshealth,vnshealth,https://careers-vnshealth.icims.com
vsc,vsc,https://careers-vsc.icims.com
vtr,vtr,https://careers-vtr.icims.com
wakemed,wakemed,https://careers-wakemed.icims.com
warhorsecasino,warhorsecasino,https://careers-warhorsecasino.icims.com
wbs,wbs,https://careers-wbs.icims.com
wcgclinical,wcgclinical,https://careers-wcgclinical.icims.com
wellpath,wellpath,https://careers-wellpath.icims.com
wesleyan,wesleyan,https://careers-wesleyan.icims.com
westerndental,westerndental,https://careers-westerndental.icims.com
westwoodps,westwoodps,https://careers-westwoodps.icims.com
wginc,wginc,https://careers-wginc.icims.com
winshape,winshape,https://careers-winshape.icims.com
wisintl,wisintl,https://careers-wisintl.icims.com
wow,wow,https://careers-wow.icims.com
wtca,wtca,https://careers-wtca.icims.com
wuxibiologics,wuxibiologics,https://careers-wuxibiologics.icims.com
wyn,wyn,https://careers-wyn.icims.com
xactlycorp,xactlycorp,https://careers-xactlycorp.icims.com
yml,yml,https://careers-yml.icims.com
yokohamatire,yokohamatire,https://careers-yokohamatire.icims.com
youthvillages,youthvillages,https://careers-youthvillages.icims.com
zenimax,zenimax,https://careers-zenimax.icims.com
zs,zs,https://careers-zs.icims.com
zumtobel,zumtobel,https://careers-zumtobel.icims.com
